{
	"credit": "Made with Blockbench",
	"textures": {
		"0": "minecraft:item/lances/netherite_lance",
		"particle": "minecraft:item/lances/netherite_lance"
	},
	"elements": [
		{
			"name": "netherite_lance_0",
			"from": [14, 14, 0],
			"to": [15, 15, 0.5],
			"faces": {
				"north": {"uv": [15, 1, 14, 2], "texture": "#0"},
				"east": {"uv": [14.5, 1, 15, 2], "texture": "#0"},
				"south": {"uv": [14, 1, 15, 2], "texture": "#0"},
				"west": {"uv": [14, 1, 14.5, 2], "texture": "#0"},
				"up": {"uv": [14, 1, 15, 1.5], "texture": "#0"},
				"down": {"uv": [14, 1.5, 15, 2], "texture": "#0"}
			}
		},
		{
			"name": "netherite_lance_1",
			"from": [13.5, 13, 0],
			"to": [14, 14.5, 0.5],
			"faces": {
				"north": {"uv": [14, 1.5, 13.5, 3], "texture": "#0"},
				"east": {"uv": [13.5, 1.5, 14, 3], "texture": "#0"},
				"south": {"uv": [13.5, 1.5, 14, 3], "texture": "#0"},
				"west": {"uv": [13.5, 1.5, 14, 3], "texture": "#0"},
				"up": {"uv": [13.5, 1.5, 14, 2], "texture": "#0"},
				"down": {"uv": [13.5, 2.5, 14, 3], "texture": "#0"}
			}
		},
		{
			"name": "netherite_lance_2",
			"from": [13, 12, 0],
			"to": [13.5, 14, 0.5],
			"faces": {
				"north": {"uv": [13.5, 2, 13, 4], "texture": "#0"},
				"east": {"uv": [13, 2, 13.5, 4], "texture": "#0"},
				"south": {"uv": [13, 2, 13.5, 4], "texture": "#0"},
				"west": {"uv": [13, 2, 13.5, 4], "texture": "#0"},
				"up": {"uv": [13, 2, 13.5, 2.5], "texture": "#0"},
				"down": {"uv": [13, 3.5, 13.5, 4], "texture": "#0"}
			}
		},
		{
			"name": "netherite_lance_3",
			"from": [14, 13.5, 0],
			"to": [14.5, 14, 0.5],
			"faces": {
				"north": {"uv": [14.5, 2, 14, 2.5], "texture": "#0"},
				"east": {"uv": [14, 2, 14.5, 2.5], "texture": "#0"},
				"south": {"uv": [14, 2, 14.5, 2.5], "texture": "#0"},
				"west": {"uv": [14, 2, 14.5, 2.5], "texture": "#0"},
				"up": {"uv": [14, 2, 14.5, 2.5], "texture": "#0"},
				"down": {"uv": [14, 2, 14.5, 2.5], "texture": "#0"}
			}
		},
		{
			"name": "netherite_lance_4",
			"from": [12, 11.5, 0],
			"to": [13, 13.5, 0.5],
			"faces": {
				"north": {"uv": [13, 2.5, 12, 4.5], "texture": "#0"},
				"east": {"uv": [12.5, 2.5, 13, 4.5], "texture": "#0"},
				"south": {"uv": [12, 2.5, 13, 4.5], "texture": "#0"},
				"west": {"uv": [12, 2.5, 12.5, 4.5], "texture": "#0"},
				"up": {"uv": [12, 2.5, 13, 3], "texture": "#0"},
				"down": {"uv": [12, 4, 13, 4.5], "texture": "#0"}
			}
		},
		{
			"name": "netherite_lance_5",
			"from": [11.5, 10, 0],
			"to": [12, 13, 0.5],
			"faces": {
				"north": {"uv": [12, 3, 11.5, 6], "texture": "#0"},
				"east": {"uv": [11.5, 3, 12, 6], "texture": "#0"},
				"south": {"uv": [11.5, 3, 12, 6], "texture": "#0"},
				"west": {"uv": [11.5, 3, 12, 6], "texture": "#0"},
				"up": {"uv": [11.5, 3, 12, 3.5], "texture": "#0"},
				"down": {"uv": [11.5, 5.5, 12, 6], "texture": "#0"}
			}
		},
		{
			"name": "netherite_lance_6",
			"from": [11, 9.5, 0],
			"to": [11.5, 12.5, 0.5],
			"faces": {
				"north": {"uv": [11.5, 3.5, 11, 6.5], "texture": "#0"},
				"east": {"uv": [11, 3.5, 11.5, 6.5], "texture": "#0"},
				"south": {"uv": [11, 3.5, 11.5, 6.5], "texture": "#0"},
				"west": {"uv": [11, 3.5, 11.5, 6.5], "texture": "#0"},
				"up": {"uv": [11, 3.5, 11.5, 4], "texture": "#0"},
				"down": {"uv": [11, 6, 11.5, 6.5], "texture": "#0"}
			}
		},
		{
			"name": "netherite_lance_7",
			"from": [10, 9, 0],
			"to": [11, 12, 0.5],
			"faces": {
				"north": {"uv": [11, 4, 10, 7], "texture": "#0"},
				"east": {"uv": [10.5, 4, 11, 7], "texture": "#0"},
				"south": {"uv": [10, 4, 11, 7], "texture": "#0"},
				"west": {"uv": [10, 4, 10.5, 7], "texture": "#0"},
				"up": {"uv": [10, 4, 11, 4.5], "texture": "#0"},
				"down": {"uv": [10, 6.5, 11, 7], "texture": "#0"}
			}
		},
		{
			"name": "netherite_lance_8",
			"from": [9.5, 7.5, 0],
			"to": [10, 11.5, 0.5],
			"faces": {
				"north": {"uv": [10, 4.5, 9.5, 8.5], "texture": "#0"},
				"east": {"uv": [9.5, 4.5, 10, 8.5], "texture": "#0"},
				"south": {"uv": [9.5, 4.5, 10, 8.5], "texture": "#0"},
				"west": {"uv": [9.5, 4.5, 10, 8.5], "texture": "#0"},
				"up": {"uv": [9.5, 4.5, 10, 5], "texture": "#0"},
				"down": {"uv": [9.5, 8, 10, 8.5], "texture": "#0"}
			}
		},
		{
			"name": "netherite_lance_9",
			"from": [12, 11, 0],
			"to": [12.5, 11.5, 0.5],
			"faces": {
				"north": {"uv": [12.5, 4.5, 12, 5], "texture": "#0"},
				"east": {"uv": [12, 4.5, 12.5, 5], "texture": "#0"},
				"south": {"uv": [12, 4.5, 12.5, 5], "texture": "#0"},
				"west": {"uv": [12, 4.5, 12.5, 5], "texture": "#0"},
				"up": {"uv": [12, 4.5, 12.5, 5], "texture": "#0"},
				"down": {"uv": [12, 4.5, 12.5, 5], "texture": "#0"}
			}
		},
		{
			"name": "netherite_lance_10",
			"from": [9, 7, 0],
			"to": [9.5, 11, 0.5],
			"faces": {
				"north": {"uv": [9.5, 5, 9, 9], "texture": "#0"},
				"east": {"uv": [9, 5, 9.5, 9], "texture": "#0"},
				"south": {"uv": [9, 5, 9.5, 9], "texture": "#0"},
				"west": {"uv": [9, 5, 9.5, 9], "texture": "#0"},
				"up": {"uv": [9, 5, 9.5, 5.5], "texture": "#0"},
				"down": {"uv": [9, 8.5, 9.5, 9], "texture": "#0"}
			}
		},
		{
			"name": "netherite_lance_11",
			"from": [8.5, 6.5, 0],
			"to": [9, 10.5, 0.5],
			"faces": {
				"north": {"uv": [9, 5.5, 8.5, 9.5], "texture": "#0"},
				"east": {"uv": [8.5, 5.5, 9, 9.5], "texture": "#0"},
				"south": {"uv": [8.5, 5.5, 9, 9.5], "texture": "#0"},
				"west": {"uv": [8.5, 5.5, 9, 9.5], "texture": "#0"},
				"up": {"uv": [8.5, 5.5, 9, 6], "texture": "#0"},
				"down": {"uv": [8.5, 9, 9, 9.5], "texture": "#0"}
			}
		},
		{
			"name": "netherite_lance_12",
			"from": [7.5, 5.5, 0],
			"to": [8.5, 10, 0.5],
			"faces": {
				"north": {"uv": [8.5, 6, 7.5, 10.5], "texture": "#0"},
				"east": {"uv": [8, 6, 8.5, 10.5], "texture": "#0"},
				"south": {"uv": [7.5, 6, 8.5, 10.5], "texture": "#0"},
				"west": {"uv": [7.5, 6, 8, 10.5], "texture": "#0"},
				"up": {"uv": [7.5, 6, 8.5, 6.5], "texture": "#0"},
				"down": {"uv": [7.5, 10, 8.5, 10.5], "texture": "#0"}
			}
		},
		{
			"name": "netherite_lance_13",
			"from": [7, 4.5, 0],
			"to": [7.5, 9.5, 0.5],
			"faces": {
				"north": {"uv": [7.5, 6.5, 7, 11.5], "texture": "#0"},
				"east": {"uv": [7, 6.5, 7.5, 11.5], "texture": "#0"},
				"south": {"uv": [7, 6.5, 7.5, 11.5], "texture": "#0"},
				"west": {"uv": [7, 6.5, 7.5, 11.5], "texture": "#0"},
				"up": {"uv": [7, 6.5, 7.5, 7], "texture": "#0"},
				"down": {"uv": [7, 11, 7.5, 11.5], "texture": "#0"}
			}
		},
		{
			"name": "netherite_lance_14",
			"from": [6.5, 3.5, 0],
			"to": [7, 9, 0.5],
			"faces": {
				"north": {"uv": [7, 7, 6.5, 12.5], "texture": "#0"},
				"east": {"uv": [6.5, 7, 7, 12.5], "texture": "#0"},
				"south": {"uv": [6.5, 7, 7, 12.5], "texture": "#0"},
				"west": {"uv": [6.5, 7, 7, 12.5], "texture": "#0"},
				"up": {"uv": [6.5, 7, 7, 7.5], "texture": "#0"},
				"down": {"uv": [6.5, 12, 7, 12.5], "texture": "#0"}
			}
		},
		{
			"name": "netherite_lance_15",
			"from": [10, 8.5, 0],
			"to": [10.5, 9, 0.5],
			"faces": {
				"north": {"uv": [10.5, 7, 10, 7.5], "texture": "#0"},
				"east": {"uv": [10, 7, 10.5, 7.5], "texture": "#0"},
				"south": {"uv": [10, 7, 10.5, 7.5], "texture": "#0"},
				"west": {"uv": [10, 7, 10.5, 7.5], "texture": "#0"},
				"up": {"uv": [10, 7, 10.5, 7.5], "texture": "#0"},
				"down": {"uv": [10, 7, 10.5, 7.5], "texture": "#0"}
			}
		},
		{
			"name": "netherite_lance_16",
			"from": [5.5, 3, 0],
			"to": [6.5, 8.5, 0.5],
			"faces": {
				"north": {"uv": [6.5, 7.5, 5.5, 13], "texture": "#0"},
				"east": {"uv": [6, 7.5, 6.5, 13], "texture": "#0"},
				"south": {"uv": [5.5, 7.5, 6.5, 13], "texture": "#0"},
				"west": {"uv": [5.5, 7.5, 6, 13], "texture": "#0"},
				"up": {"uv": [5.5, 7.5, 6.5, 8], "texture": "#0"},
				"down": {"uv": [5.5, 12.5, 6.5, 13], "texture": "#0"}
			}
		},
		{
			"name": "netherite_lance_17",
			"from": [5, 2.5, 0],
			"to": [5.5, 8, 0.5],
			"faces": {
				"north": {"uv": [5.5, 8, 5, 13.5], "texture": "#0"},
				"east": {"uv": [5, 8, 5.5, 13.5], "texture": "#0"},
				"south": {"uv": [5, 8, 5.5, 13.5], "texture": "#0"},
				"west": {"uv": [5, 8, 5.5, 13.5], "texture": "#0"},
				"up": {"uv": [5, 8, 5.5, 8.5], "texture": "#0"},
				"down": {"uv": [5, 13, 5.5, 13.5], "texture": "#0"}
			}
		},
		{
			"name": "netherite_lance_18",
			"from": [4.5, 2.5, 0],
			"to": [5, 7.5, 0.5],
			"faces": {
				"north": {"uv": [5, 8.5, 4.5, 13.5], "texture": "#0"},
				"east": {"uv": [4.5, 8.5, 5, 13.5], "texture": "#0"},
				"south": {"uv": [4.5, 8.5, 5, 13.5], "texture": "#0"},
				"west": {"uv": [4.5, 8.5, 5, 13.5], "texture": "#0"},
				"up": {"uv": [4.5, 8.5, 5, 9], "texture": "#0"},
				"down": {"uv": [4.5, 13, 5, 13.5], "texture": "#0"}
			}
		},
		{
			"name": "netherite_lance_19",
			"from": [3.5, 3, 0],
			"to": [4.5, 7, 0.5],
			"faces": {
				"north": {"uv": [4.5, 9, 3.5, 13], "texture": "#0"},
				"east": {"uv": [4, 9, 4.5, 13], "texture": "#0"},
				"south": {"uv": [3.5, 9, 4.5, 13], "texture": "#0"},
				"west": {"uv": [3.5, 9, 4, 13], "texture": "#0"},
				"up": {"uv": [3.5, 9, 4.5, 9.5], "texture": "#0"},
				"down": {"uv": [3.5, 12.5, 4.5, 13], "texture": "#0"}
			}
		},
		{
			"name": "netherite_lance_20",
			"from": [3, 2.5, 0],
			"to": [3.5, 6.5, 0.5],
			"faces": {
				"north": {"uv": [3.5, 9.5, 3, 13.5], "texture": "#0"},
				"east": {"uv": [3, 9.5, 3.5, 13.5], "texture": "#0"},
				"south": {"uv": [3, 9.5, 3.5, 13.5], "texture": "#0"},
				"west": {"uv": [3, 9.5, 3.5, 13.5], "texture": "#0"},
				"up": {"uv": [3, 9.5, 3.5, 10], "texture": "#0"},
				"down": {"uv": [3, 13, 3.5, 13.5], "texture": "#0"}
			}
		},
		{
			"name": "netherite_lance_21",
			"from": [2.5, 4.5, 0],
			"to": [3, 6, 0.5],
			"faces": {
				"north": {"uv": [3, 10, 2.5, 11.5], "texture": "#0"},
				"east": {"uv": [2.5, 10, 3, 11.5], "texture": "#0"},
				"south": {"uv": [2.5, 10, 3, 11.5], "texture": "#0"},
				"west": {"uv": [2.5, 10, 3, 11.5], "texture": "#0"},
				"up": {"uv": [2.5, 10, 3, 10.5], "texture": "#0"},
				"down": {"uv": [2.5, 11, 3, 11.5], "texture": "#0"}
			}
		},
		{
			"name": "netherite_lance_22",
			"from": [7.5, 5, 0],
			"to": [8, 5.5, 0.5],
			"faces": {
				"north": {"uv": [8, 10.5, 7.5, 11], "texture": "#0"},
				"east": {"uv": [7.5, 10.5, 8, 11], "texture": "#0"},
				"south": {"uv": [7.5, 10.5, 8, 11], "texture": "#0"},
				"west": {"uv": [7.5, 10.5, 8, 11], "texture": "#0"},
				"up": {"uv": [7.5, 10.5, 8, 11], "texture": "#0"},
				"down": {"uv": [7.5, 10.5, 8, 11], "texture": "#0"}
			}
		},
		{
			"name": "netherite_lance_23",
			"from": [2.5, 2, 0],
			"to": [3, 3.5, 0.5],
			"faces": {
				"north": {"uv": [3, 12.5, 2.5, 14], "texture": "#0"},
				"east": {"uv": [2.5, 12.5, 3, 14], "texture": "#0"},
				"south": {"uv": [2.5, 12.5, 3, 14], "texture": "#0"},
				"west": {"uv": [2.5, 12.5, 3, 14], "texture": "#0"},
				"up": {"uv": [2.5, 12.5, 3, 13], "texture": "#0"},
				"down": {"uv": [2.5, 13.5, 3, 14], "texture": "#0"}
			}
		},
		{
			"name": "netherite_lance_24",
			"from": [2, 1.5, 0],
			"to": [2.5, 3, 0.5],
			"faces": {
				"north": {"uv": [2.5, 13, 2, 14.5], "texture": "#0"},
				"east": {"uv": [2, 13, 2.5, 14.5], "texture": "#0"},
				"south": {"uv": [2, 13, 2.5, 14.5], "texture": "#0"},
				"west": {"uv": [2, 13, 2.5, 14.5], "texture": "#0"},
				"up": {"uv": [2, 13, 2.5, 13.5], "texture": "#0"},
				"down": {"uv": [2, 14, 2.5, 14.5], "texture": "#0"}
			}
		},
		{
			"name": "netherite_lance_25",
			"from": [5.5, 2.5, 0],
			"to": [6, 3, 0.5],
			"faces": {
				"north": {"uv": [6, 13, 5.5, 13.5], "texture": "#0"},
				"east": {"uv": [5.5, 13, 6, 13.5], "texture": "#0"},
				"south": {"uv": [5.5, 13, 6, 13.5], "texture": "#0"},
				"west": {"uv": [5.5, 13, 6, 13.5], "texture": "#0"},
				"up": {"uv": [5.5, 13, 6, 13.5], "texture": "#0"},
				"down": {"uv": [5.5, 13, 6, 13.5], "texture": "#0"}
			}
		},
		{
			"name": "netherite_lance_26",
			"from": [1.5, 1, 0],
			"to": [2, 2.5, 0.5],
			"faces": {
				"north": {"uv": [2, 13.5, 1.5, 15], "texture": "#0"},
				"east": {"uv": [1.5, 13.5, 2, 15], "texture": "#0"},
				"south": {"uv": [1.5, 13.5, 2, 15], "texture": "#0"},
				"west": {"uv": [1.5, 13.5, 2, 15], "texture": "#0"},
				"up": {"uv": [1.5, 13.5, 2, 14], "texture": "#0"},
				"down": {"uv": [1.5, 14.5, 2, 15], "texture": "#0"}
			}
		},
		{
			"name": "netherite_lance_27",
			"from": [1, 0, 0],
			"to": [1.5, 2, 0.5],
			"faces": {
				"north": {"uv": [1.5, 14, 1, 16], "texture": "#0"},
				"east": {"uv": [1, 14, 1.5, 16], "texture": "#0"},
				"south": {"uv": [1, 14, 1.5, 16], "texture": "#0"},
				"west": {"uv": [1, 14, 1.5, 16], "texture": "#0"},
				"up": {"uv": [1, 14, 1.5, 14.5], "texture": "#0"},
				"down": {"uv": [1, 15.5, 1.5, 16], "texture": "#0"}
			}
		},
		{
			"name": "netherite_lance_28",
			"from": [0, 0, 0],
			"to": [1, 1.5, 0.5],
			"faces": {
				"north": {"uv": [1, 14.5, 0, 16], "texture": "#0"},
				"east": {"uv": [0.5, 14.5, 1, 16], "texture": "#0"},
				"south": {"uv": [0, 14.5, 1, 16], "texture": "#0"},
				"west": {"uv": [0, 14.5, 0.5, 16], "texture": "#0"},
				"up": {"uv": [0, 14.5, 1, 15], "texture": "#0"},
				"down": {"uv": [0, 15.5, 1, 16], "texture": "#0"}
			}
		}
	],
	"gui_light": "front",
	"display": {
		"thirdperson_righthand": {
			"rotation": [32, 90, -12],
			"translation": [10.75, 15.75, -6.75],
			"scale": [2.2, 2.2, 1.4]
		},
		"thirdperson_lefthand": {
			"rotation": [18, -90, 0],
			"translation": [-11, 15.5, -7.5],
			"scale": [2.2, 2.2, 1.4]
		},
		"firstperson_righthand": {
			"rotation": [-25, 90, 0],
			"translation": [15.5, 4, -16.25],
			"scale": [1.7, 1.7, 1]
		},
		"firstperson_lefthand": {
			"rotation": [-25, -90, 0],
			"translation": [0, 4, -16.25],
			"scale": [1.7, 1.7, 1]
		},
		"ground": {
			"translation": [0, 4.25, 8.25]
		},
		"gui": {
			"translation": [0.5, 0.5, 0]
		},
		"fixed": {
			"rotation": [0, 180, 0],
			"translation": [0, 0, -6.75]
		}
	},
	"groups": [
		{
			"name": "netherite_lance",
			"origin": [8, 8, 8],
			"color": 0,
			"children": [0, 1, 2, 3, 4, 5, 6, 7, 8, 9, 10, 11, 12, 13, 14, 15, 16, 17, 18, 19, 20, 21, 22, 23, 24, 25, 26, 27, 28]
		}
	]
}